Index,Base,Delta,Skew
1,A,0,0
2,G,1,1
3,C,-1,0
4,G,1,1
5,C,-1,0
6,G,1,1
7,T,0,1
8,T,0,1
9,G,1,2
10,C,-1,1
11,C,-1,0
12,G,1,1
13,A,0,1
14,T,0,1
15,G,1,2
16,C,-1,1
17,G,1,2
18,T,0,2
19,A,0,2
20,C,-1,1
21,G,1,2
Index,Base,Delta,Skew
1,C,-1,-1
2,A,0,-1
3,G,1,0
4,T,0,0
5,C,-1,-1
6,G,1,0
7,C,-1,-1
8,G,1,0
9,G,1,1
10,A,0,1
11,T,0,1
12,C,-1,0
13,G,1,1
14,A,0,1
15,T,0,1
16,C,-1,0
17,G,1,1
18,T,0,1
19,A,0,1
20,C,-1,0
21,G,1,1
22,C,-1,0
23,G,1,1
24,T,0,1
25,A,0,1
26,C,-1,0
27,G,1,1
28,T,0,1
29,G,1,2
30,C,-1,1
Index,Base,Delta,Skew
1,C,-1,-1
2,A,0,-1
3,G,1,0
4,T,0,0
5,C,-1,-1
6,G,1,0
7,C,-1,-1
8,G,1,0
9,G,1,1
10,A,0,1
11,T,0,1
12,C,-1,0
13,G,1,1
14,A,0,1
15,T,0,1
16,C,-1,0
17,G,1,1
18,T,0,1
19,A,0,1
20,C,-1,0
21,G,1,1
22,C,-1,0
23,G,1,1
24,T,0,1
25,A,0,1
26,C,-1,0
27,G,1,1
28,T,0,1
29,G,1,2
30,C,-1,1
